{
  "name": "Mr Quentinha",
  "domain": "www.mrquentinha.com.br",
  "colors": {
    "primary": "#FF6A00",
    "primary2": "#FF8A33",
    "graphite": "#1F1F1F",
    "light": {
      "bg": "#FFFFFF",
      "surface": "#F6F6F6",
      "text": "#141414",
      "muted": "#666666",
      "border": "#E6E6E6"
    },
    "dark": {
      "bg": "#0F0F12",
      "surface": "#17171C",
      "text": "#F4F4F5",
      "muted": "#B0B0B8",
      "border": "#2A2A33"
    }
  },
  "radius": {
    "lg": 16,
    "md": 12,
    "sm": 10
  },
  "font": {
    "primary": "Poppins",
    "fallback": "Montserrat, Arial, sans-serif"
  }
}